,crystal_descriptions,energy_substance_pa,magmom_pa,SYMM
1360,Sm1_20-coordinate_1.0|Fe1_8-coordinate_1.0|Fe2_cuboctahedral_0.7|Fe3_cuboctahedral_0.4|Fe4_15-coordinate_1.0,0.159076923,2.154897615,191
367,Sm1_20-coordinate_1.0|Fe1_8-coordinate_1.0|Fe2_cuboctahedral_0.7|Fe3_cuboctahedral_0.4|Fe4_15-coordinate_1.0,0.168769231,2.184762462,191
1067,Sm1_20-coordinate_1.0|Fe1_8-coordinate_1.0|Fe2_cuboctahedral_0.7|Fe3_cuboctahedral_0.4|Fe4_15-coordinate_1.0,0.171538462,2.172378,191
1283,Sm1_20-coordinate_1.0|Fe1_8-coordinate_1.0|Fe2_cuboctahedral_0.7|Fe3_cuboctahedral_0.4|Fe4_15-coordinate_1.0,0.175538462,2.169069231,191
2280,Sm1_20-coordinate_1.0|Fe1_8-coordinate_1.0|Fe2_cuboctahedral_0.7|Fe3_cuboctahedral_0.4|Fe4_15-coordinate_1.0,0.180307692,2.051231538,191
1096,Sm1_20-coordinate_1.0|Fe1_8-coordinate_1.0|Fe2_cuboctahedral_0.7|Fe3_cuboctahedral_0.4|Fe4_15-coordinate_1.0,0.180384615,2.052652154,191
1025,Sm1_20-coordinate_1.0|Fe1_8-coordinate_1.0|Fe2_cuboctahedral_0.7|Fe3_cuboctahedral_0.4|Fe4_15-coordinate_1.0,0.181846154,2.055693308,191
1245,Sm1_20-coordinate_1.0|Fe1_8-coordinate_1.0|Fe2_cuboctahedral_0.7|Fe3_cuboctahedral_0.4|Fe4_15-coordinate_1.0,0.184692308,1.972149462,191
1304,Sm1_20-coordinate_1.0|Fe1_8-coordinate_1.0|Fe2_cuboctahedral_0.7|Fe3_cuboctahedral_0.4|Fe4_15-coordinate_1.0,0.186384615,1.962826077,191
1265,Sm1_20-coordinate_1.0|Fe1_14-coordinate_1.0|Fe2_cuboctahedral_0.7|Fe3_cuboctahedral_0.4|Fe4_15-coordinate_1.0,0.186538462,1.966545769,191
1077,Sm1_20-coordinate_1.0|Fe1_8-coordinate_1.0|Fe2_cuboctahedral_0.7|Fe3_cuboctahedral_0.4|Fe4_15-coordinate_1.0,0.189076923,1.955507462,191
1235,Sm1_20-coordinate_1.0|Fe1_8-coordinate_1.0|Fe2_cuboctahedral_0.7|Fe3_cuboctahedral_0.4|Fe4_15-coordinate_1.0,0.189076923,1.955507462,191
1317,Sm1_20-coordinate_1.0|Fe1_8-coordinate_1.0|Fe2_cuboctahedral_0.7|Fe3_cuboctahedral_0.4|Fe4_15-coordinate_1.0,0.190230769,1.951968923,191
1270,Sm1_20-coordinate_1.0|Fe1_8-coordinate_1.0|Fe2_cuboctahedral_0.7|Fe3_cuboctahedral_0.4|Fe4_15-coordinate_1.0,0.192692308,1.847611462,191
1172,Sm1_20-coordinate_1.0|Fe1_8-coordinate_1.0|Fe2_cuboctahedral_0.7|Fe3_cuboctahedral_0.4|Fe4_15-coordinate_1.0,0.198230769,1.826006462,191
1179,Sm1_20-coordinate_1.0|Fe1_14-coordinate_1.0|Fe3_cuboctahedral_0.4|Fe2_cuboctahedral_0.7,0.070076923,1.978219385,139
2140,Sm1_20-coordinate_1.0|Fe3_cuboctahedral_0.4|Fe1_14-coordinate_1.0|Fe2_cuboctahedral_0.7,0.070230769,1.99045,139
2384,Sm1_20-coordinate_1.0|Fe1_14-coordinate_1.0|Fe2_cuboctahedral_0.6|Fe2_cuboctahedral_0.6|Fe3_12-coordinate_1.0,0.071384615,1.956646385,139
1122,Sm1_20-coordinate_1.0|Fe3_cuboctahedral_0.4|Fe1_14-coordinate_1.0|Fe2_cuboctahedral_0.7,0.079923077,1.837340308,139
333,Sm1_16-coordinate_1.0|Fe1_body-centered cubic_0.5|Fe2_14-coordinate_1.0|Fe3_10-coordinate_1.0|Fe4_8-coordinate_1.0|Fe5_body-centered cubic_0.5,0.095538462,1.747833692,139
344,Sm1_16-coordinate_1.0|Fe1_9-coordinate_1.0|Fe2_8-coordinate_1.0|Fe3_body-centered cubic_0.5|Fe4_8-coordinate_1.0|Fe5_body-centered cubic_0.5,0.098538462,1.736473538,139
350,Sm1_16-coordinate_1.0|Fe1_14-coordinate_1.0|Fe2_body-centered cubic_0.5|Fe3_10-coordinate_1.0|Fe4_8-coordinate_1.0|Fe5_body-centered cubic_0.5,0.099076923,1.739392538,139
239,Sm1_16-coordinate_1.0|Fe1_body-centered cubic_0.5|Fe2_14-coordinate_1.0|Fe3_10-coordinate_1.0|Fe4_8-coordinate_1.0|Fe5_body-centered cubic_0.5,0.101538462,1.740504538,139
1168,Sm1_16-coordinate_1.0|Fe1_body-centered cubic_0.5|Fe2_14-coordinate_1.0|Fe3_10-coordinate_1.0|Fe4_8-coordinate_1.0|Fe5_body-centered cubic_0.5,0.102769231,1.765852308,123
2325,Sm1_16-coordinate_1.0|Fe1_body-centered cubic_0.5|Fe2_14-coordinate_1.0|Fe3_10-coordinate_1.0|Fe4_8-coordinate_1.0|Fe5_body-centered cubic_0.6,0.106,1.745455385,123
13,Sm1_16-coordinate_1.0|Fe1_10-coordinate_1.0|Fe2_8-coordinate_1.0|Fe3_body-centered cubic_0.5|Fe4_body-centered cubic_0.5|Fe5_14-coordinate_1.0,0.108076923,1.752695077,123
259,Sm1_16-coordinate_1.0|Fe1_10-coordinate_1.0|Fe2_8-coordinate_1.0|Fe3_body-centered cubic_0.4|Fe4_14-coordinate_1.0|Fe5_body-centered cubic_0.4,0.112461538,1.775016923,123
2238,Sm1_16-coordinate_1.0|Fe1_10-coordinate_1.0|Fe2_8-coordinate_1.0|Fe3_body-centered cubic_0.4|Fe4_14-coordinate_1.0|Fe5_8-coordinate_1.0,0.122923077,1.876661077,123
97,Sm1_20-coordinate_1.0|Fe1_14-coordinate_1.0|Fe3_cuboctahedral_0.4|Fe2_cuboctahedral_0.7,0.074692308,2.042229538,71
200,Sm1_20-coordinate_1.0|Fe1_14-coordinate_1.0|Fe3_cuboctahedral_0.4|Fe2_cuboctahedral_0.7,0.074692308,2.042229538,71
2235,Sm1_16-coordinate_1.0|Fe1_body-centered cubic_0.4|Fe2_14-coordinate_1.0|Fe3_10-coordinate_1.0|Fe4_8-coordinate_1.0|Fe5_body-centered cubic_0.4,0.103769231,1.755518,69
207,Sm1_16-coordinate_1.0|Fe1_body-centered cubic_0.5|Fe2_body-centered cubic_0.5|Fe3_9-coordinate_1.0|Fe4_8-coordinate_1.0|Fe5_body-centered cubic_0.5,0.109384615,1.768953846,69
332,Sm1_16-coordinate_1.0|Fe1_body-centered cubic_0.5|Fe2_body-centered cubic_0.5|Fe3_9-coordinate_1.0|Fe4_8-coordinate_1.0|Fe5_body-centered cubic_0.5,0.109384615,1.768953846,69
108,Sm1_16-coordinate_1.0|Fe1_14-coordinate_1.0|Fe2_body-centered cubic_0.4|Fe3_10-coordinate_1.0|Fe4_8-coordinate_1.0|Fe5_body-centered cubic_0.5,0.108307692,1.781112,65
1319,Sm1_16-coordinate_1.0|Fe1_10-coordinate_1.0|Fe2_8-coordinate_1.0|Fe3_body-centered cubic_0.5|Fe4_14-coordinate_1.0|Fe5_body-centered cubic_0.4,0.114153846,1.783216154,65
34,Sm1_16-coordinate_1.0|Fe1_body-centered cubic_0.4|Fe2_14-coordinate_1.0|Fe3_10-coordinate_1.0|Fe4_8-coordinate_1.0|Fe5_body-centered cubic_0.5,0.115461538,1.774170462,65
2186,Sm1_16-coordinate_1.0|Fe1_10-coordinate_1.0|Fe2_8-coordinate_1.0|Fe3_body-centered cubic_0.4|Fe4_9-coordinate_1.0|Fe5_8-coordinate_1.0,0.126,1.880717538,65
2115,Sm1_16-coordinate_1.0|Fe1_body-centered cubic_0.4|Fe2_12-coordinate_1.0|Fe3_10-coordinate_1.0|Fe4_8-coordinate_1.0|Fe5_body-centered cubic_0.4,0.13,1.783232,65
2166,Sm1_16-coordinate_1.0|Fe1_cuboctahedral_0.6|Fe2_cuboctahedral_0.5|Fe3_11-coordinate_1.0|Fe4_10-coordinate_1.0|Fe5_11-coordinate_1.0,0.176230769,1.978703077,65
1215,Sm1_18-coordinate_1.0|Fe1_14-coordinate_1.0|Fe2_14-coordinate_1.0|Fe3_cuboctahedral_0.5|Fe4_cuboctahedral_0.6|Fe5_cuboctahedral_0.8|Fe6_12-coordinate_1.0,0.170384615,1.908851077,47
201,Sm1_8-coordinate_1.0|Fe1_10-coordinate_1.0|Fe2_9-coordinate_1.0|Fe3_8-coordinate_1.0|Fe4_body-centered cubic_0.4|Fe5_8-coordinate_1.0|Fe6_8-coordinate_1.0|Fe7_14-coordinate_1.0,0.192,2.13996,47
336,Sm1_8-coordinate_1.0|Fe1_10-coordinate_1.0|Fe2_9-coordinate_1.0|Fe3_8-coordinate_1.0|Fe4_body-centered cubic_0.4|Fe5_8-coordinate_1.0|Fe6_8-coordinate_1.0|Fe7_14-coordinate_1.0,0.192,2.13996,47
2222,Sm1_20-coordinate_1.0|Fe1_14-coordinate_1.0|Fe3_12-coordinate_1.0|Fe2_cuboctahedral_0.6,0.079307692,1.91292,12
75,Sm1_20-coordinate_1.0|Fe1_14-coordinate_1.0|Fe2_14-coordinate_1.0|Fe3_cuboctahedral_0.7|Fe4_cuboctahedral_0.6|Fe5_12-coordinate_1.0|Fe6_12-coordinate_1.0,0.095846154,1.844471,12
1213,Sm1_16-coordinate_1.0|Fe1_14-coordinate_1.0|Fe2_body-centered cubic_0.5|Fe3_10-coordinate_1.0|Fe4_8-coordinate_1.0|Fe5_body-centered cubic_0.5,0.100846154,1.744452615,12
159,Sm1_16-coordinate_1.0|Fe1_10-coordinate_1.0|Fe2_8-coordinate_1.0|Fe3_8-coordinate_1.0|Fe4_body-centered cubic_0.4|Fe5_12-coordinate_1.0,0.118384615,1.776714231,12
338,Sm1_16-coordinate_1.0|Fe1_10-coordinate_1.0|Fe2_8-coordinate_1.0|Fe3_8-coordinate_1.0|Fe4_body-centered cubic_0.4|Fe5_12-coordinate_1.0,0.118384615,1.776714231,12
2188,Sm1_16-coordinate_1.0|Fe1_10-coordinate_1.0|Fe2_8-coordinate_1.0|Fe3_body-centered cubic_0.4|Fe4_14-coordinate_1.0|Fe5_body-centered cubic_0.4,0.118692308,1.783148308,12
2347,Sm1_16-coordinate_1.0|Fe1_10-coordinate_1.0|Fe2_8-coordinate_1.0|Fe3_body-centered cubic_0.4|Fe4_14-coordinate_1.0|Fe5_body-centered cubic_0.4,0.118692308,1.783148308,12
2230,Sm1_16-coordinate_1.0|Fe1_10-coordinate_1.0|Fe2_8-coordinate_1.0|Fe3_body-centered cubic_0.4|Fe4_14-coordinate_1.0|Fe5_8-coordinate_1.0,0.119769231,1.773754769,12
2348,Sm1_16-coordinate_1.0|Fe1_10-coordinate_1.0|Fe2_8-coordinate_1.0|Fe3_body-centered cubic_0.4|Fe4_14-coordinate_1.0|Fe5_8-coordinate_1.0,0.119769231,1.773754769,12
23,Sm1_16-coordinate_1.0|Fe1_12-coordinate_1.0|Fe2_9-coordinate_1.0|Fe3_body-centered cubic_0.5|Fe4_body-centered cubic_0.5|Fe5_body-centered cubic_0.5,0.127692308,1.937324308,12
1220,Sm1_16-coordinate_1.0|Fe1_body-centered cubic_0.4|Fe2_12-coordinate_1.0|Fe3_10-coordinate_1.0|Fe4_8-coordinate_1.0|Fe5_body-centered cubic_0.4,0.128846154,1.825398538,12
17,Sm1_16-coordinate_1.0|Fe1_10-coordinate_1.0|Fe2_10-coordinate_1.0|Fe3_10-coordinate_1.0|Fe4_8-coordinate_1.0|Fe5_13-coordinate_1.0|Fe6_9-coordinate_1.0,0.131769231,1.750498154,12
1149,Sm1_16-coordinate_1.0|Fe1_10-coordinate_1.0|Fe2_8-coordinate_1.0|Fe3_12-coordinate_1.0|Fe4_body-centered cubic_0.4|Fe5_body-centered cubic_0.4,0.14,1.915908,12
2333,Sm1_octahedral_0.4|Fe1_7-coordinate_1.0|Fe2_8-coordinate_1.0|Fe3_9-coordinate_1.0|Fe4_8-coordinate_1.0|Fe5_body-centered cubic_0.4|Fe6_13-coordinate_1.0,0.142461538,2.108461385,12
1268,Sm1_16-coordinate_1.0|Fe1_10-coordinate_1.0|Fe2_11-coordinate_1.0|Fe3_11-coordinate_1.0|Fe4_cuboctahedral_0.5|Fe5_cuboctahedral_0.5,0.145538462,1.796072462,12
1366,Sm1_14-coordinate_1.0|Fe1_7-coordinate_1.0|Fe2_body-centered cubic_0.5|Fe3_body-centered cubic_0.6|Fe4_body-centered cubic_0.4|Fe5_10-coordinate_1.0|Fe6_body-centered cubic_0.5,0.155615385,2.134147077,12
2364,Sm1_cuboctahedral_0.6|Fe1_body-centered cubic_0.5|Fe2_8-coordinate_1.0|Fe3_body-centered cubic_0.5|Fe4_body-centered cubic_0.4|Fe5_body-centered cubic_0.4|Fe6_body-centered cubic_0.5,0.157153846,2.035655769,12
1312,Sm1_20-coordinate_1.0|Fe1_1-coordinate_1.0|Fe2_8-coordinate_1.0|Fe3_cuboctahedral_0.6|Fe4_cuboctahedral_0.6|Fe5_cuboctahedral_0.4|Fe6_cuboctahedral_0.6|Fe7_cuboctahedral_0.6|Fe8_15-coordinate_1.0|Fe9_cuboctahedral_0.4|Fe10_15-coordinate_1.0,0.169076923,2.202252308,12
164,Sm1_20-coordinate_1.0|Fe1_8-coordinate_1.0|Fe2_cuboctahedral_0.7|Fe3_cuboctahedral_0.4|Fe4_15-coordinate_1.0,0.169538462,2.186894769,12
335,Sm1_20-coordinate_1.0|Fe1_8-coordinate_1.0|Fe2_cuboctahedral_0.7|Fe3_cuboctahedral_0.4|Fe4_15-coordinate_1.0,0.169538462,2.186894769,12
2114,Sm1_20-coordinate_1.0|Fe1_8-coordinate_1.0|Fe2_cuboctahedral_0.7|Fe3_cuboctahedral_0.7|Fe4_cuboctahedral_0.4|Fe5_15-coordinate_1.0,0.170615385,2.169836308,12
246,Sm1_20-coordinate_1.0|Fe1_8-coordinate_1.0|Fe2_cuboctahedral_0.7|Fe3_cuboctahedral_0.4|Fe4_15-coordinate_1.0,0.171384615,2.182349,12
2338,Sm1_cuboctahedral_0.7|Fe1_8-coordinate_1.0|Fe2_9-coordinate_1.0|Fe3_8-coordinate_1.0|Fe4_body-centered cubic_0.5|Fe5_8-coordinate_1.0|Fe6_11-coordinate_1.0,0.171461538,2.109771,12
1302,Sm1_20-coordinate_1.0|Fe1_8-coordinate_1.0|Fe2_cuboctahedral_0.7|Fe3_cuboctahedral_0.4|Fe4_15-coordinate_1.0,0.171538462,2.167161231,12
2103,Sm1_20-coordinate_1.0|Fe1_8-coordinate_1.0|Fe2_cuboctahedral_0.7|Fe3_cuboctahedral_0.4|Fe4_15-coordinate_1.0,0.172230769,2.171494,12
2100,Sm1_20-coordinate_1.0|Fe1_8-coordinate_1.0|Fe2_cuboctahedral_0.7|Fe3_cuboctahedral_0.4|Fe4_15-coordinate_1.0,0.172615385,2.173951,12
2052,Sm1_6-coordinate_1.0|Fe1_14-coordinate_1.0|Fe2_1-coordinate_1.0|Fe3_8-coordinate_1.0|Fe4_body-centered cubic_0.4|Fe5_8-coordinate_1.0|Fe6_10-coordinate_1.0,0.173230769,2.143139385,12
1216,Sm1_6-coordinate_1.0|Fe1_1-coordinate_1.0|Fe2_14-coordinate_1.0|Fe3_8-coordinate_1.0|Fe4_body-centered cubic_0.4|Fe5_8-coordinate_1.0|Fe6_10-coordinate_1.0,0.174230769,2.166282538,12
2084,Sm1_20-coordinate_1.0|Fe1_8-coordinate_1.0|Fe2_cuboctahedral_0.7|Fe3_cuboctahedral_0.4|Fe4_15-coordinate_1.0,0.174692308,2.169435385,12
1290,Sm1_20-coordinate_1.0|Fe1_8-coordinate_1.0|Fe2_cuboctahedral_0.7|Fe3_cuboctahedral_0.4|Fe4_15-coordinate_1.0,0.174923077,2.170350769,12
1217,Sm1_20-coordinate_1.0|Fe1_8-coordinate_1.0|Fe2_cuboctahedral_0.7|Fe3_cuboctahedral_0.4|Fe4_15-coordinate_1.0,0.175,2.174068,12
2096,Sm1_20-coordinate_1.0|Fe1_8-coordinate_1.0|Fe2_cuboctahedral_0.7|Fe3_cuboctahedral_0.4|Fe4_15-coordinate_1.0,0.176153846,2.127695615,12
2229,Sm1_cuboctahedral_0.8|Fe1_body-centered cubic_0.5|Fe2_13-coordinate_1.0|Fe3_8-coordinate_1.0|Fe4_13-coordinate_1.0|Fe5_body-centered cubic_0.5|Fe6_body-centered cubic_0.5,0.177307692,2.13096,12
2092,Sm1_6-coordinate_1.0|Fe1_12-coordinate_1.0|Fe2_9-coordinate_1.0|Fe3_9-coordinate_1.0|Fe4_12-coordinate_1.0|Fe5_12-coordinate_1.0|Fe6_12-coordinate_1.0,0.180384615,1.944296154,12
2109,Sm1_20-coordinate_1.0|Fe1_8-coordinate_1.0|Fe2_cuboctahedral_0.7|Fe3_cuboctahedral_0.4|Fe4_15-coordinate_1.0,0.180846154,2.050533692,12
1106,Sm1_2-coordinate_1.0|Fe1_10-coordinate_1.0|Fe2_13-coordinate_1.0|Fe3_13-coordinate_1.0|Fe4_14-coordinate_1.0|Fe5_8-coordinate_1.0|Fe6_14-coordinate_1.0,0.181615385,1.942478615,12
2135,Sm1_20-coordinate_1.0|Fe1_8-coordinate_1.0|Fe2_cuboctahedral_0.7|Fe3_cuboctahedral_0.4|Fe4_15-coordinate_1.0,0.181769231,2.04363,12
2082,Sm1_2-coordinate_1.0|Fe1_13-coordinate_1.0|Fe2_10-coordinate_1.0|Fe3_13-coordinate_1.0|Fe4_14-coordinate_1.0|Fe5_8-coordinate_1.0|Fe6_14-coordinate_1.0,0.182846154,1.909917231,12
49,Sm1_20-coordinate_1.0|Fe1_8-coordinate_1.0|Fe2_cuboctahedral_0.7|Fe3_cuboctahedral_0.4|Fe4_15-coordinate_1.0,0.183461538,2.038657846,12
2078,Sm1_20-coordinate_1.0|Fe1_8-coordinate_1.0|Fe2_cuboctahedral_0.7|Fe3_cuboctahedral_0.4|Fe4_15-coordinate_1.0,0.184769231,1.969408,12
1298,Sm1_20-coordinate_1.0|Fe1_8-coordinate_1.0|Fe2_cuboctahedral_0.7|Fe3_cuboctahedral_0.4|Fe4_15-coordinate_1.0,0.185461538,1.971811308,12
1274,Sm1_2-coordinate_1.0|Fe1_13-coordinate_1.0|Fe2_10-coordinate_1.0|Fe3_13-coordinate_1.0|Fe4_14-coordinate_1.0|Fe5_8-coordinate_1.0|Fe6_14-coordinate_1.0,0.188153846,1.855038231,12
2066,Sm1_6-coordinate_1.0|Fe1_11-coordinate_1.0|Fe2_8-coordinate_1.0|Fe3_11-coordinate_1.0|Fe4_11-coordinate_1.0|Fe5_8-coordinate_1.0|Fe6_13-coordinate_1.0,0.188615385,1.706368846,12
1038,Sm1_2-coordinate_1.0|Fe1_10-coordinate_1.0|Fe2_13-coordinate_1.0|Fe3_13-coordinate_1.0|Fe4_8-coordinate_1.0|Fe5_14-coordinate_1.0|Fe6_14-coordinate_1.0,0.189,1.854503231,12
1207,Sm1_14-coordinate_1.0|Fe1_9-coordinate_1.0|Fe2_8-coordinate_1.0|Fe3_13-coordinate_1.0|Fe4_13-coordinate_1.0|Fe5_8-coordinate_1.0|Fe6_8-coordinate_1.0,0.192538462,1.967942308,12
2134,Sm1_20-coordinate_1.0|Fe1_8-coordinate_1.0|Fe2_cuboctahedral_0.7|Fe3_cuboctahedral_0.4|Fe4_15-coordinate_1.0,0.194384615,1.853630769,12
213,Sm1_20-coordinate_1.0|Fe1_14-coordinate_1.0|Fe2_cuboctahedral_0.7|Fe3_cuboctahedral_0.7|Fe4_cuboctahedral_0.4|Fe5_15-coordinate_1.0,0.199307692,1.843557692,12
2138,Sm1_20-coordinate_1.0|Fe1_8-coordinate_1.0|Fe2_cuboctahedral_0.7|Fe3_cuboctahedral_0.4|Fe4_15-coordinate_1.0,0.199692308,1.821811538,12
284,Sm1_16-coordinate_1.0|Fe1_body-centered cubic_0.4|Fe2_8-coordinate_1.0|Fe3_9-coordinate_1.0|Fe4_12-coordinate_1.0|Fe5_body-centered cubic_0.4|Fe6_8-coordinate_1.0|Fe7_12-coordinate_1.0,0.154307692,2.110152462,10
273,Sm1_16-coordinate_1.0|Fe1_8-coordinate_1.0|Fe2_8-coordinate_1.0|Fe3_12-coordinate_1.0|Fe4_9-coordinate_1.0|Fe5_8-coordinate_1.0|Fe6_12-coordinate_1.0|Fe7_cuboctahedral_0.5,0.159461538,2.092369154,10
31,Sm1_18-coordinate_1.0|Fe1_14-coordinate_1.0|Fe2_14-coordinate_1.0|Fe3_cuboctahedral_0.5|Fe3_cuboctahedral_0.6|Fe4_cuboctahedral_0.6|Fe5_cuboctahedral_0.7|Fe6_12-coordinate_1.0,0.163230769,2.014645846,10
2162,Sm1_18-coordinate_1.0|Fe1_2-coordinate_1.0|Fe2_14-coordinate_1.0|Fe3_cuboctahedral_0.5|Fe4_cuboctahedral_0.6|Fe5_cuboctahedral_0.6|Fe6_cuboctahedral_0.7|Fe7_12-coordinate_1.0,0.169923077,1.920227692,10
345,Sm1_14-coordinate_1.0|Fe1_13-coordinate_1.0|Fe2_8-coordinate_1.0|Fe3_8-coordinate_1.0|Fe4_13-coordinate_1.0|Fe5_13-coordinate_1.0|Fe6_13-coordinate_1.0|Fe7_body-centered cubic_0.5|Fe8_body-centered cubic_0.5|Fe9_body-centered cubic_0.4|Fe10_body-centered cubic_0.4|Fe11_body-centered cubic_0.5|Fe12_body-centered cubic_0.5,0.17,2.006790692,10
214,Sm1_18-coordinate_1.0|Fe1_12-coordinate_1.0|Fe2_9-coordinate_1.0|Fe3_8-coordinate_1.0|Fe4_cuboctahedral_0.4|Fe5_13-coordinate_1.0|Fe6_body-centered cubic_0.5|Fe7_10-coordinate_1.0,0.170692308,1.959608308,10
1356,Sm1_18-coordinate_1.0|Fe1_9-coordinate_1.0|Fe2_13-coordinate_1.0|Fe3_cuboctahedral_0.5|Fe4_13-coordinate_1.0|Fe5_body-centered cubic_0.5|Fe6_12-coordinate_1.0|Fe7_12-coordinate_1.0,0.170769231,2.110394769,10
2067,Sm1_8-coordinate_1.0|Fe1_8-coordinate_1.0|Fe2_13-coordinate_1.0|Fe3_body-centered cubic_0.4|Fe4_8-coordinate_1.0|Fe5_body-centered cubic_0.4,0.171076923,1.988392846,10
2239,Sm1_8-coordinate_1.0|Fe1_8-coordinate_1.0|Fe2_13-coordinate_1.0|Fe3_body-centered cubic_0.4|Fe4_8-coordinate_1.0|Fe5_body-centered cubic_0.4,0.171076923,1.988392846,10
281,Sm1_18-coordinate_1.0|Fe1_13-coordinate_1.0|Fe2_9-coordinate_1.0|Fe3_13-coordinate_1.0|Fe4_cuboctahedral_0.5|Fe5_body-centered cubic_0.5|Fe6_10-coordinate_1.0|Fe7_13-coordinate_1.0,0.173384615,1.970563077,10
99,Sm1_18-coordinate_1.0|Fe1_13-coordinate_1.0|Fe2_13-coordinate_1.0|Fe3_12-coordinate_1.0|Fe4_8-coordinate_1.0|Fe5_9-coordinate_1.0|Fe6_13-coordinate_1.0|Fe7_10-coordinate_1.0,0.173846154,1.916346308,10
260,Sm1_18-coordinate_1.0|Fe1_13-coordinate_1.0|Fe2_12-coordinate_1.0|Fe3_10-coordinate_1.0|Fe4_6-coordinate_1.0|Fe5_11-coordinate_1.0|Fe6_8-coordinate_1.0|Fe7_13-coordinate_1.0,0.176461538,1.914824,10
215,Sm1_18-coordinate_1.0|Fe1_14-coordinate_1.0|Fe2_14-coordinate_1.0|Fe3_cuboctahedral_0.5|Fe4_cuboctahedral_0.6|Fe5_cuboctahedral_0.7|Fe6_12-coordinate_1.0,0.176615385,1.857743462,10
1239,Sm1_18-coordinate_1.0|Fe1_9-coordinate_1.0|Fe2_8-coordinate_1.0|Fe3_cuboctahedral_0.5|Fe4_body-centered cubic_0.5|Fe5_13-coordinate_1.0|Fe6_12-coordinate_1.0|Fe7_cuboctahedral_0.4,0.177615385,2.132611077,10
2062,Sm1_14-coordinate_1.0|Fe1_8-coordinate_1.0|Fe2_13-coordinate_1.0|Fe3_body-centered cubic_0.5|Fe4_body-centered cubic_0.5|Fe5_body-centered cubic_0.5,0.186461538,1.948657308,10
8,Sm1_18-coordinate_1.0|Fe1_11-coordinate_1.0|Fe2_8-coordinate_1.0|Fe3_cuboctahedral_0.7|Fe4_13-coordinate_1.0|Fe5_body-centered cubic_0.5|Fe6_8-coordinate_1.0|Fe7_10-coordinate_1.0,0.195692308,1.958737846,10
1109,Sm1_20-coordinate_1.0|Fe1_8-coordinate_1.0|Fe2_cuboctahedral_0.7|Fe3_cuboctahedral_0.7|Fe4_12-coordinate_1.0|Fe5_15-coordinate_1.0|Fe6_12-coordinate_1.0|Fe7_15-coordinate_1.0,0.150538462,2.179899308,8
79,Sm1_16-coordinate_1.0|Fe1_10-coordinate_1.0|Fe2_14-coordinate_1.0|Fe3_10-coordinate_1.0|Fe4_10-coordinate_1.0|Fe5_11-coordinate_1.0|Fe6_8-coordinate_1.0|Fe7_11-coordinate_1.0|Fe8_8-coordinate_1.0|Fe9_13-coordinate_1.0|Fe10_9-coordinate_1.0|Fe11_12-coordinate_1.0|Fe12_10-coordinate_1.0,0.153384615,1.739236077,8
241,Sm1_14-coordinate_1.0|Fe1_8-coordinate_1.0|Fe2_7-coordinate_1.0|Fe3_8-coordinate_1.0|Fe4_body-centered cubic_0.5|Fe5_8-coordinate_1.0|Fe6_7-coordinate_1.0|Fe7_14-coordinate_1.0|Fe8_body-centered cubic_0.4|Fe9_body-centered cubic_0.5|Fe10_10-coordinate_1.0|Fe11_10-coordinate_1.0|Fe12_8-coordinate_1.0,0.173538462,2.163235385,8
1143,Sm1_16-coordinate_1.0|Fe1_13-coordinate_1.0|Fe2_11-coordinate_1.0|Fe3_9-coordinate_1.0|Fe4_12-coordinate_1.0|Fe5_8-coordinate_1.0|Fe6_12-coordinate_1.0|Fe7_12-coordinate_1.0|Fe8_11-coordinate_1.0|Fe9_13-coordinate_1.0|Fe10_10-coordinate_1.0|Fe11_10-coordinate_1.0|Fe12_12-coordinate_1.0,0.183153846,2.064416308,8
1226,Sm1_16-coordinate_1.0|Fe1_13-coordinate_1.0|Fe2_11-coordinate_1.0|Fe3_12-coordinate_1.0|Fe4_11-coordinate_1.0|Fe5_13-coordinate_1.0|Fe6_10-coordinate_1.0|Fe7_cuboctahedral_0.4|Fe8_9-coordinate_1.0|Fe9_12-coordinate_1.0|Fe10_8-coordinate_1.0|Fe11_12-coordinate_1.0|Fe12_10-coordinate_1.0,0.187,2.068926923,8
68,Sm1_2-coordinate_1.0|Fe1_8-coordinate_1.0|Fe2_10-coordinate_1.0|Fe3_13-coordinate_1.0|Fe4_8-coordinate_1.0|Fe5_body-centered cubic_0.4|Fe6_14-coordinate_1.0|Fe7_10-coordinate_1.0|Fe8_13-coordinate_1.0|Fe9_13-coordinate_1.0|Fe10_8-coordinate_1.0|Fe11_14-coordinate_1.0|Fe12_8-coordinate_1.0,0.187769231,1.858102615,8
142,Sm1_16-coordinate_1.0|Fe1_13-coordinate_1.0|Fe2_14-coordinate_1.0|Fe3_10-coordinate_1.0|Fe4_body-centered cubic_0.4|Fe5_10-coordinate_1.0|Fe6_10-coordinate_1.0|Fe7_body-centered cubic_0.5|Fe8_11-coordinate_1.0|Fe9_body-centered cubic_0.5|Fe10_9-coordinate_1.0|Fe11_13-coordinate_1.0|Fe12_8-coordinate_1.0,0.197153846,1.947854077,6
2365,Sm1_20-coordinate_1.0|Fe1_14-coordinate_1.0|Fe2_cuboctahedral_0.6|Fe3_cuboctahedral_0.8|Fe4_cuboctahedral_0.6|Fe5_12-coordinate_1.0,0.082076923,1.960035923,2
280,Sm1_16-coordinate_1.0|Fe1_10-coordinate_1.0|Fe2_8-coordinate_1.0|Fe3_body-centered cubic_0.4|Fe4_8-coordinate_1.0|Fe5_body-centered cubic_0.4,0.132615385,1.896558769,2
2160,Sm1_14-coordinate_1.0|Fe1_8-coordinate_1.0|Fe2_10-coordinate_1.0|Fe3_13-coordinate_1.0|Fe4_body-centered cubic_0.4|Fe5_14-coordinate_1.0|Fe6_body-centered cubic_0.5,0.147461538,2.021513846,2
2349,Sm1_14-coordinate_1.0|Fe1_8-coordinate_1.0|Fe2_10-coordinate_1.0|Fe3_13-coordinate_1.0|Fe4_body-centered cubic_0.4|Fe5_14-coordinate_1.0|Fe6_body-centered cubic_0.5,0.147461538,2.021513846,2
111,Sm1_18-coordinate_1.0|Fe1_2-coordinate_1.0|Fe2_14-coordinate_1.0|Fe3_cuboctahedral_0.5|Fe4_cuboctahedral_0.5|Fe5_cuboctahedral_0.8|Fe6_cuboctahedral_0.5|Fe7_12-coordinate_1.0,0.154769231,2.132153308,2
334,Sm1_18-coordinate_1.0|Fe1_2-coordinate_1.0|Fe2_14-coordinate_1.0|Fe3_cuboctahedral_0.5|Fe4_cuboctahedral_0.5|Fe5_cuboctahedral_0.8|Fe6_cuboctahedral_0.5|Fe7_12-coordinate_1.0,0.154769231,2.132153308,2
224,Sm1_18-coordinate_1.0|Fe1_2-coordinate_1.0|Fe2_14-coordinate_1.0|Fe3_cuboctahedral_0.5|Fe4_cuboctahedral_0.5|Fe5_cuboctahedral_0.4|Fe6_cuboctahedral_0.7|Fe7_12-coordinate_1.0,0.160692308,2.204449154,2
2236,Sm1_14-coordinate_1.0|Fe1_8-coordinate_1.0|Fe2_13-coordinate_1.0|Fe3_body-centered cubic_0.5|Fe4_body-centered cubic_0.4|Fe5_body-centered cubic_0.5,0.169461538,2.017763462,2
2272,Sm1_cuboctahedral_0.8|Fe1_body-centered cubic_0.5|Fe2_9-coordinate_1.0|Fe3_8-coordinate_1.0|Fe4_9-coordinate_1.0|Fe5_body-centered cubic_0.5|Fe6_body-centered cubic_0.5,0.169538462,2.148306923,2
1362,Sm1_14-coordinate_1.0|Fe1_8-coordinate_1.0|Fe2_1-coordinate_1.0|Fe3_8-coordinate_1.0|Fe4_body-centered cubic_0.4|Fe5_body-centered cubic_0.5|Fe6_1-coordinate_1.0|Fe7_8-coordinate_1.0|Fe8_8-coordinate_1.0|Fe9_body-centered cubic_0.5|Fe10_body-centered cubic_0.4|Fe11_10-coordinate_1.0|Fe12_10-coordinate_1.0,0.169846154,2.217264,2
2046,Sm1_14-coordinate_1.0|Fe1_1-coordinate_1.0|Fe2_8-coordinate_1.0|Fe3_8-coordinate_1.0|Fe4_body-centered cubic_0.4|Fe5_body-centered cubic_0.4|Fe6_10-coordinate_1.0,0.170615385,2.231589077,2
1221,Sm1_18-coordinate_1.0|Fe1_12-coordinate_1.0|Fe2_11-coordinate_1.0|Fe3_12-coordinate_1.0|Fe4_11-coordinate_1.0|Fe5_13-coordinate_1.0|Fe6_cuboctahedral_0.8|Fe7_cuboctahedral_0.7,0.176,2.150292692,2
2155,Sm1_6-coordinate_1.0|Fe1_1-coordinate_1.0|Fe2_8-coordinate_1.0|Fe3_8-coordinate_1.0|Fe4_body-centered cubic_0.4|Fe5_8-coordinate_1.0|Fe6_13-coordinate_1.0,0.176615385,2.106386308,2
1058,Sm1_18-coordinate_1.0|Fe1_13-coordinate_1.0|Fe2_12-coordinate_1.0|Fe3_12-coordinate_1.0|Fe4_11-coordinate_1.0|Fe5_13-coordinate_1.0|Fe6_cuboctahedral_0.8|Fe7_cuboctahedral_0.7,0.177384615,2.164926154,2
58,Sm1_18-coordinate_1.0|Fe1_13-coordinate_1.0|Fe2_9-coordinate_1.0|Fe3_12-coordinate_1.0|Fe4_13-coordinate_1.0|Fe5_10-coordinate_1.0|Fe6_12-coordinate_1.0,0.177538462,2.041554462,2
202,Sm1_18-coordinate_1.0|Fe1_13-coordinate_1.0|Fe2_9-coordinate_1.0|Fe3_12-coordinate_1.0|Fe4_13-coordinate_1.0|Fe5_10-coordinate_1.0|Fe6_12-coordinate_1.0,0.177538462,2.041554462,2
2415,Sm1_18-coordinate_1.0|Fe1_13-coordinate_1.0|Fe2_12-coordinate_1.0|Fe3_12-coordinate_1.0|Fe4_11-coordinate_1.0|Fe5_13-coordinate_1.0|Fe6_cuboctahedral_0.7|Fe7_cuboctahedral_0.8,0.179307692,2.127306923,2
2310,Sm1_18-coordinate_1.0|Fe1_11-coordinate_1.0|Fe2_12-coordinate_1.0|Fe3_12-coordinate_1.0|Fe4_13-coordinate_1.0|Fe5_13-coordinate_1.0|Fe6_cuboctahedral_0.8|Fe7_cuboctahedral_0.7,0.181,2.117127692,2
1024,Sm1_18-coordinate_1.0|Fe1_13-coordinate_1.0|Fe2_12-coordinate_1.0|Fe3_12-coordinate_1.0|Fe4_11-coordinate_1.0|Fe5_13-coordinate_1.0|Fe6_cuboctahedral_0.7|Fe7_cuboctahedral_0.8,0.181153846,2.091340154,2
1165,Sm1_18-coordinate_1.0|Fe1_13-coordinate_1.0|Fe2_12-coordinate_1.0|Fe3_12-coordinate_1.0|Fe4_11-coordinate_1.0|Fe5_13-coordinate_1.0|Fe6_cuboctahedral_0.7|Fe7_cuboctahedral_0.8,0.181384615,2.094595385,2
112,Sm1_18-coordinate_1.0|Fe1_13-coordinate_1.0|Fe2_12-coordinate_1.0|Fe3_12-coordinate_1.0|Fe4_11-coordinate_1.0|Fe5_13-coordinate_1.0|Fe6_cuboctahedral_0.8|Fe7_cuboctahedral_0.7,0.181846154,2.120752154,2
2394,Sm1_4-coordinate_1.0|Fe1_14-coordinate_1.0|Fe2_1-coordinate_1.0|Fe3_8-coordinate_1.0|Fe4_body-centered cubic_0.4|Fe5_8-coordinate_1.0|Fe6_13-coordinate_1.0,0.182846154,2.072369308,2
2205,Sm1_18-coordinate_1.0|Fe1_8-coordinate_1.0|Fe2_12-coordinate_1.0|Fe3_10-coordinate_1.0|Fe4_6-coordinate_1.0|Fe5_10-coordinate_1.0|Fe6_8-coordinate_1.0|Fe7_13-coordinate_1.0,0.183384615,1.922856462,2
1119,Sm1_18-coordinate_1.0|Fe1_body-centered cubic_0.5|Fe2_8-coordinate_1.0|Fe3_9-coordinate_1.0|Fe4_8-coordinate_1.0|Fe5_cuboctahedral_0.7|Fe6_13-coordinate_1.0|Fe7_10-coordinate_1.0,0.183846154,2.109154154,2
2336,Sm1_6-coordinate_1.0|Fe1_7-coordinate_1.0|Fe2_1-coordinate_1.0|Fe3_8-coordinate_1.0|Fe4_body-centered cubic_0.5|Fe5_9-coordinate_1.0|Fe6_8-coordinate_1.0,0.184615385,2.179784769,2
1027,Sm1_cuboctahedral_0.5|Fe1_8-coordinate_1.0|Fe2_7-coordinate_1.0|Fe3_body-centered cubic_0.5|Fe4_body-centered cubic_0.5|Fe5_8-coordinate_1.0|Fe6_13-coordinate_1.0,0.184923077,2.157927692,2
204,Sm1_18-coordinate_1.0|Fe1_13-coordinate_1.0|Fe2_11-coordinate_1.0|Fe3_11-coordinate_1.0|Fe4_12-coordinate_1.0|Fe5_13-coordinate_1.0|Fe6_cuboctahedral_0.7|Fe7_cuboctahedral_0.8,0.188461538,2.069528615,2
2048,Sm1_cuboctahedral_0.5|Fe1_7-coordinate_1.0|Fe2_body-centered cubic_0.4|Fe3_8-coordinate_1.0|Fe4_body-centered cubic_0.4|Fe5_8-coordinate_1.0|Fe6_7-coordinate_1.0,0.19,2.187096231,2
2218,Sm1_18-coordinate_1.0|Fe1_12-coordinate_1.0|Fe2_11-coordinate_1.0|Fe3_12-coordinate_1.0|Fe4_11-coordinate_1.0|Fe5_13-coordinate_1.0|Fe6_cuboctahedral_0.8|Fe7_cuboctahedral_0.7,0.190384615,2.042766154,2
1218,Sm1_12-coordinate_1.0|Fe1_8-coordinate_1.0|Fe2_2-coordinate_1.0|Fe3_body-centered cubic_0.4|Fe4_body-centered cubic_0.4|Fe5_8-coordinate_1.0|Fe6_8-coordinate_1.0|Fe7_7-coordinate_1.0|Fe8_8-coordinate_1.0|Fe9_body-centered cubic_0.4|Fe10_8-coordinate_1.0|Fe11_13-coordinate_1.0|Fe12_1-coordinate_1.0,0.190769231,2.166267462,2
2289,Sm1_12-coordinate_1.0|Fe1_8-coordinate_1.0|Fe2_7-coordinate_1.0|Fe3_8-coordinate_1.0|Fe4_8-coordinate_1.0|Fe5_8-coordinate_1.0|Fe6_13-coordinate_1.0,0.191538462,2.180210538,2
1320,Sm1_18-coordinate_1.0|Fe1_12-coordinate_1.0|Fe2_13-coordinate_1.0|Fe3_11-coordinate_1.0|Fe4_12-coordinate_1.0|Fe5_cuboctahedral_0.7|Fe6_cuboctahedral_0.7|Fe7_13-coordinate_1.0,0.192538462,2.066084615,2
116,Sm1_18-coordinate_1.0|Fe1_11-coordinate_1.0|Fe2_2-coordinate_1.0|Fe3_13-coordinate_1.0|Fe4_cuboctahedral_0.6|Fe5_cuboctahedral_0.7|Fe6_13-coordinate_1.0|Fe7_11-coordinate_1.0,0.192846154,2.037161462,2
176,Sm1_18-coordinate_1.0|Fe1_13-coordinate_1.0|Fe2_12-coordinate_1.0|Fe3_13-coordinate_1.0|Fe4_cuboctahedral_0.6|Fe5_cuboctahedral_0.7|Fe6_12-coordinate_1.0|Fe7_11-coordinate_1.0,0.193230769,2.122974692,2
2146,Sm1_18-coordinate_1.0|Fe1_13-coordinate_1.0|Fe2_10-coordinate_1.0|Fe3_12-coordinate_1.0|Fe4_12-coordinate_1.0|Fe5_11-coordinate_1.0|Fe6_9-coordinate_1.0|Fe7_9-coordinate_1.0,0.195846154,1.900358231,2
143,Sm1_18-coordinate_1.0|Fe1_11-coordinate_1.0|Fe2_11-coordinate_1.0|Fe3_13-coordinate_1.0|Fe4_cuboctahedral_0.6|Fe5_cuboctahedral_0.8|Fe6_11-coordinate_1.0|Fe7_13-coordinate_1.0,0.197230769,1.974718846,2
1259,Sm1_18-coordinate_1.0|Fe1_13-coordinate_1.0|Fe2_12-coordinate_1.0|Fe3_12-coordinate_1.0|Fe4_7-coordinate_1.0|Fe5_13-coordinate_1.0|Fe6_cuboctahedral_0.8|Fe7_cuboctahedral_0.7,0.197923077,2.025387846,2
2112,Sm1_20-coordinate_1.0|Fe1_8-coordinate_1.0|Fe1_14-coordinate_1.0|Fe2_cuboctahedral_0.6|Fe3_cuboctahedral_0.7|Fe2_cuboctahedral_0.6|Fe3_cuboctahedral_0.6|Fe4_15-coordinate_1.0|Fe5_12-coordinate_1.0|Fe5_12-coordinate_1.0,0.165153846,2.157731846,1
2223,Sm1_20-coordinate_1.0|Fe1_8-coordinate_1.0|Fe1_14-coordinate_1.0|Fe2_cuboctahedral_0.6|Fe3_cuboctahedral_0.7|Fe2_cuboctahedral_0.6|Fe3_cuboctahedral_0.6|Fe4_15-coordinate_1.0|Fe5_12-coordinate_1.0|Fe5_12-coordinate_1.0,0.165153846,2.157731846,1
1057,Sm1_20-coordinate_1.0|Fe1_8-coordinate_1.0|Fe2_cuboctahedral_0.6|Fe3_cuboctahedral_0.7|Fe4_15-coordinate_1.0|Fe5_cuboctahedral_0.4,0.170384615,2.183280923,1
194,Sm1_10-coordinate_1.0|Fe1_1-coordinate_1.0|Fe2_8-coordinate_1.0|Fe3_body-centered cubic_0.5|Fe4_8-coordinate_1.0|Fe5_1-coordinate_1.0|Fe6_8-coordinate_1.0|Fe7_body-centered cubic_0.5|Fe8_8-coordinate_1.0|Fe9_body-centered cubic_0.5|Fe10_body-centered cubic_0.5|Fe11_body-centered cubic_0.5|Fe12_body-centered cubic_0.5,0.178846154,1.988135385,1
2127,Sm1_20-coordinate_1.0|Fe1_8-coordinate_1.0|Fe2_cuboctahedral_0.7|Fe3_cuboctahedral_0.4|Fe4_15-coordinate_1.0,0.179692308,2.154566923,1
1308,Sm1_20-coordinate_1.0|Fe1_14-coordinate_1.0|Fe2_cuboctahedral_0.6|Fe3_cuboctahedral_0.7|Fe4_cuboctahedral_0.4|Fe5_15-coordinate_1.0,0.186923077,2.043193846,1
1222,Sm1_11-coordinate_1.0|Fe1_body-centered cubic_0.5|Fe2_13-coordinate_1.0|Fe3_7-coordinate_1.0|Fe4_body-centered cubic_0.4|Fe5_body-centered cubic_0.4|Fe6_body-centered cubic_0.4|Fe7_body-centered cubic_0.5|Fe8_body-centered cubic_0.4|Fe9_body-centered cubic_0.4|Fe10_body-centered cubic_0.4|Fe11_1-coordinate_1.0|Fe12_11-coordinate_1.0,0.187846154,2.149687231,1
227,Sm1_12-coordinate_1.0|Fe1_8-coordinate_1.0|Fe2_8-coordinate_1.0|Fe3_10-coordinate_1.0|Fe4_8-coordinate_1.0|Fe5_10-coordinate_1.0|Fe6_8-coordinate_1.0|Fe7_8-coordinate_1.0|Fe8_14-coordinate_1.0|Fe9_8-coordinate_1.0|Fe10_8-coordinate_1.0|Fe11_8-coordinate_1.0|Fe12_14-coordinate_1.0,0.189769231,1.960064615,1
2360,Sm1_3-coordinate_1.0|Fe1_single-bond_0.5|Fe2_body-centered cubic_0.5|Fe3_14-coordinate_1.0|Fe4_14-coordinate_1.0|Fe5_7-coordinate_1.0|Fe6_1-coordinate_1.0|Fe7_body-centered cubic_0.4|Fe8_body-centered cubic_0.5|Fe9_body-centered cubic_0.5|Fe10_body-centered cubic_0.5|Fe11_body-centered cubic_0.5|Fe12_body-centered cubic_0.5,0.189846154,2.002531846,1
1051,Sm1_20-coordinate_1.0|Fe1_1-coordinate_1.0|Fe2_cuboctahedral_0.6|Fe3_cuboctahedral_0.6|Fe4_cuboctahedral_0.4|Fe5_15-coordinate_1.0,0.191846154,2.036340385,1
2309,Sm1_16-coordinate_1.0|Fe1_10-coordinate_1.0|Fe2_7-coordinate_1.0|Fe3_body-centered cubic_0.4|Fe4_14-coordinate_1.0|Fe5_9-coordinate_1.0|Fe6_11-coordinate_1.0|Fe7_6-coordinate_1.0|Fe8_body-centered cubic_0.4|Fe9_8-coordinate_1.0|Fe10_11-coordinate_1.0|Fe11_14-coordinate_1.0|Fe12_body-centered cubic_0.5,0.194,2.19952,1
302,Sm1_14-coordinate_1.0|Fe1_8-coordinate_1.0|Fe2_13-coordinate_1.0|Fe3_8-coordinate_1.0|Fe4_8-coordinate_1.0|Fe5_9-coordinate_1.0|Fe6_6-coordinate_1.0,0.196230769,1.919976923,1
2297,Sm1_17-coordinate_1.0|Fe1_8-coordinate_1.0|Fe2_12-coordinate_1.0|Fe3_12-coordinate_1.0|Fe4_cuboctahedral_0.7|Fe5_cuboctahedral_0.7|Fe6_12-coordinate_1.0|Fe7_12-coordinate_1.0|Fe8_cuboctahedral_0.4|Fe9_10-coordinate_1.0|Fe10_cuboctahedral_0.4|Fe11_13-coordinate_1.0|Fe12_1-coordinate_1.0,0.196461538,2.161885846,1
168,Sm1_17-coordinate_1.0|Fe1_cuboctahedral_0.6|Fe2_cuboctahedral_0.6|Fe3_8-coordinate_1.0|Fe4_12-coordinate_1.0|Fe5_12-coordinate_1.0|Fe6_12-coordinate_1.0|Fe7_12-coordinate_1.0|Fe8_12-coordinate_1.0|Fe9_10-coordinate_1.0|Fe10_12-coordinate_1.0|Fe11_13-coordinate_1.0|Fe12_1-coordinate_1.0,0.198538462,2.166146769,1
2156,Sm1_16-coordinate_1.0|Fe1_10-coordinate_1.0|Fe2_body-centered cubic_0.4|Fe3_8-coordinate_1.0|Fe4_6-coordinate_1.0|Fe5_8-coordinate_1.0|Fe6_11-coordinate_1.0|Fe7_body-centered cubic_0.5|Fe8_10-coordinate_1.0|Fe9_14-coordinate_1.0|Fe10_body-centered cubic_0.5|Fe11_14-coordinate_1.0|Fe12_14-coordinate_1.0,0.199,2.220900615,1